Country;Value
AK;0
AK;198
AK;16
AK;0
AK;42
AK;0
AK;0
AK;14
AK;0
AK;0
AK;39
AK;0
AK;0
AK;0
AL;91
AL;249
AL;35
AL;30
AL;49
AL;0
AL;32
AL;286
AL;39
AL;16
AL;30
AL;15
AL;17
AL;34
AL;15
AL;77
AL;171
AL;10
AL;0
AL;103
AL;31
AL;209
AL;72
AL;113
AL;109
AL;57
AL;53
AL;379
AL;25
AL;30
AL;32
AL;0
AL;19
AL;0
AL;553
AL;66
AL;2138
AL;0
AL;265
AL;26
AL;297
AL;114
AL;0
AL;0
AL;657
AL;51
AL;74
AL;199
AL;942
AL;22
AL;862
AL;239
AL;0
AL;13
AL;65
AL;13
AL;48
AL;104
AL;174
AL;0
AL;115
AL;108
AL;597
AL;195
AL;11
AL;0
AL;33
AR;11
AR;11
AR;145
AR;448
AR;76
AR;18
AR;17
AR;21
AR;25
AR;28
AR;32
AR;0
AR;52
AR;10
AR;543
AR;35
AR;38
AR;17
AR;14
AR;0
AR;18
AR;219
AR;21
AR;33
AR;361
AR;11
AR;50
AR;18
AR;17
AR;17
AR;171
AR;21
AR;13
AR;181
AR;22
AR;0
AR;20
AR;0
AR;14
AR;31
AR;20
AR;38
AR;0
AR;20
AR;20
AR;40
AR;13
AR;12
AR;13
AR;48
AR;0
AR;22
AR;0
AR;14
AR;64
AR;74
AR;0
AR;1204
AR;24
AR;0
AR;132
AR;12
AR;11
AR;509
AR;0
AR;16
AR;16
AR;105
AR;0
AR;455
AR;168
AR;0
AR;28
AZ;110
AZ;128
AZ;260
AZ;109
AZ;56
AZ;21
AZ;10010
AZ;601
AZ;179
AZ;2658
AZ;355
AZ;23
AZ;415
AZ;716
CA;1381
CA;54
CA;255
CA;19
CA;17
CA;750
CA;0
CA;114
CA;1741
CA;33
CA;34
CA;578
CA;28
CA;1347
CA;316
CA;52
CA;17
CA;22367
CA;210
CA;202
CA;0
CA;43
CA;299
CA;0
CA;0
CA;558
CA;87
CA;87
CA;5734
CA;446
CA;0
CA;5088
CA;1626
CA;52
CA;5476
CA;4306
CA;486
CA;1375
CA;236
CA;585
CA;520
CA;1790
CA;262
CA;238
CA;15
CA;404
CA;382
CA;1369
CA;50
CA;61
CA;0
CA;834
CA;69
CA;1072
CA;167
CA;122
CO;764
CO;31
CO;800
CO;0
CO;13
CO;338
CO;51
CO;20
CO;0
CO;0
CO;0
CO;0
CO;0
CO;51
CO;735
CO;265
CO;0
CO;10
CO;872
CO;34
CO;39
CO;0
CO;0
CO;0
CO;14
CO;786
CO;0
CO;0
CO;59
CO;293
CO;0
CO;0
CO;57
CO;257
CO;0
CO;21
CO;0
CO;64
CO;68
CO;29
CO;0
CO;0
CO;0
CO;17
CO;372
CO;0
CO;0
CO;16
CO;0
CO;0
CO;0
CO;0
CO;0
CO;292
CO;14
CT;2181
CT;2442
CT;219
CT;352
CT;2105
CT;414
CT;98
CT;149
DC;1395
DE;278
DE;753
DE;430
FL;625
FL;12
FL;390
FL;0
FL;818
FL;2823
FL;16
FL;371
FL;339
FL;331
FL;557
FL;164
FL;26
FL;1576
FL;847
FL;108
FL;0
FL;14
FL;0
FL;0
FL;0
FL;0
FL;
FL;26
FL;387
FL;322
FL;1691
FL;17
FL;212
FL;0
FL;0
FL;0
FL;563
FL;888
FL;570
FL;18
FL;0
FL;11
FL;599
FL;841
FL;400
FL;5499
FL;27
FL;44
FL;312
FL;66
FL;1445
FL;505
FL;2739
FL;664
FL;1510
FL;1104
FL;87
FL;87
FL;413
FL;120
FL;842
FL;336
FL;266
FL;25
FL;0
FL;25
FL;729
FL;0
FL;92
FL;35
GA;33
GA;47
GA;0
GA;107
GA;0
GA;38
GA;148
GA;59
GA;12
GA;628
GA;20
GA;0
GA;13
GA;0
GA;117
GA;16
GA;31
GA;0
GA;23
GA;44
GA;310
GA;47
GA;0
GA;629
GA;0
GA;0
GA;191
GA;425
GA;0
GA;161
GA;0
GA;1013
GA;134
GA;112
GA;35
GA;12
GA;195
GA;0
GA;88
GA;0
GA;0
GA;38
GA;709
GA;96
GA;0
GA;392
GA;117
GA;18
GA;21
GA;22
GA;58
GA;14
GA;32
GA;260
GA;398
GA;257
GA;36
GA;1641
GA;28
GA;0
GA;205
GA;108
GA;28
GA;22
GA;807
GA;67
GA;778
GA;13
GA;12
GA;0
GA;12
GA;0
GA;334
GA;229
GA;13
GA;21
GA;19
GA;26
GA;24
GA;16
GA;16
GA;0
GA;21
GA;187
GA;0
GA;19
GA;0
GA;306
GA;29
GA;13
GA;0
GA;0
GA;0
GA;0
GA;27
GA;0
GA;19
GA;40
GA;0
GA;22
GA;659
GA;127
GA;44
GA;0
GA;139
GA;17
GA;84
GA;0
GA;0
GA;14
GA;49
GA;24
GA;20
GA;0
GA;1023
GA;162
GA;0
GA;0
GA;230
GA;38
GA;0
GA;80
GA;0
GA;25
GA;0
GA;0
GA;0
GA;186
GA;216
GA;135
GA;16
GA;0
GA;236
GA;0
GA;10
GA;51
GA;155
GA;30
GA;185
GA;178
GA;0
GA;52
GA;64
GA;0
GA;17
GA;229
GA;0
GA;0
GA;0
GA;15
HI;51
HI;362
HI;0
HI;49
IA;23
IA;0
IA;41
IA;37
IA;0
IA;37
IA;363
IA;16
IA;54
IA;13
IA;27
IA;15
IA;0
IA;0
IA;47
IA;10
IA;155
IA;31
IA;0
IA;20
IA;15
IA;48
IA;96
IA;34
IA;73
IA;17
IA;0
IA;30
IA;72
IA;33
IA;241
IA;37
IA;27
IA;29
IA;11
IA;0
IA;0
IA;26
IA;18
IA;40
IA;28
IA;28
IA;54
IA;30
IA;20
IA;22
IA;31
IA;12
IA;26
IA;38
IA;21
IA;306
IA;31
IA;20
IA;45
IA;35
IA;388
IA;26
IA;14
IA;24
IA;11
IA;48
IA;56
IA;53
IA;0
IA;40
IA;24
IA;24
IA;33
IA;69
IA;48
IA;10
IA;10
IA;18
IA;46
IA;15
IA;936
IA;175
IA;29
IA;20
IA;12
IA;278
IA;31
IA;49
IA;91
IA;41
IA;0
IA;18
IA;13
IA;81
IA;50
IA;45
IA;20
IA;115
IA;17
IA;31
IA;372
IA;0
IA;21
ID;655
ID;0
ID;124
ID;0
ID;33
ID;0
ID;0
ID;22
ID;242
ID;0
ID;0
ID;243
ID;0
ID;10
ID;11
ID;0
ID;0
ID;0
ID;0
ID;16
ID;10
ID;15
ID;0
ID;0
ID;241
ID;0
ID;0
ID;0
ID;0
ID;19
ID;19
ID;54
ID;0
ID;15
ID;12
ID;0
ID;18
ID;0
ID;188
ID;0
ID;0
IL;216
IL;0
IL;16
IL;39
IL;0
IL;78
IL;13
IL;20
IL;263
IL;47
IL;22
IL;25
IL;24
IL;107
IL;9959
IL;28
IL;14
IL;120
IL;20
IL;10
IL;1168
IL;44
IL;0
IL;63
IL;31
IL;34
IL;38
IL;38
IL;0
IL;31
IL;81
IL;14
IL;28
IL;0
IL;12
IL;51
IL;27
IL;125
IL;10
IL;128
IL;44
IL;15
IL;0
IL;728
IL;196
IL;16
IL;145
IL;833
IL;189
IL;13
IL;83
IL;71
IL;35
IL;48
IL;206
IL;240
IL;197
IL;57
IL;436
IL;78
IL;0
IL;21
IL;36
IL;13
IL;13
IL;29
IL;58
IL;85
IL;0
IL;33
IL;633
IL;40
IL;14
IL;26
IL;0
IL;0
IL;77
IL;45
IL;283
IL;486
IL;50
IL;412
IL;15
IL;0
IL;14
IL;97
IL;123
IL;21
IL;85
IL;0
IL;25
IL;26
IL;32
IL;23
IL;181
IL;797
IL;129
IL;559
IL;40
IN;33
IN;960
IN;202
IN;0
IN;14
IN;95
IN;24
IN;0
IN;66
IN;165
IN;19
IN;28
IN;0
IN;59
IN;86
IN;64
IN;74
IN;254
IN;105
IN;448
IN;27
IN;233
IN;22
IN;0
IN;23
IN;36
IN;139
IN;66
IN;375
IN;107
IN;44
IN;364
IN;49
IN;222
IN;45
IN;73
IN;21
IN;10
IN;68
IN;17
IN;203
IN;139
IN;56
IN;50
IN;1142
IN;182
IN;74
IN;303
IN;2210
IN;89
IN;13
IN;31
IN;254
IN;49
IN;72
IN;20
IN;54
IN;0
IN;32
IN;34
IN;0
IN;26
IN;24
IN;248
IN;0
IN;30
IN;30
IN;26
IN;50
IN;0
IN;506
IN;19
IN;79
IN;11
IN;19
IN;24
IN;22
IN;0
IN;313
IN;34
IN;0
IN;539
IN;20
IN;296
IN;57
IN;12
IN;273
IN;11
IN;252
IN;50
IN;25
IN;23
KS;0
KS;11
KS;0
KS;0
KS;21
KS;0
KS;21
KS;46
KS;0
KS;0
KS;12
KS;0
KS;0
KS;21
KS;21
KS;12
KS;0
KS;76
KS;85
KS;0
KS;38
KS;14
KS;80
KS;0
KS;135
KS;19
KS;90
KS;68
KS;25
KS;34
KS;19
KS;0
KS;0
KS;0
KS;0
KS;0
KS;13
KS;65
KS;10
KS;0
KS;0
KS;24
KS;0
KS;769
KS;10
KS;10
KS;0
KS;41
KS;0
KS;41
KS;0
KS;0
KS;0
KS;56
KS;53
KS;0
KS;23
KS;0
KS;17
KS;18
KS;63
KS;16
KS;0
KS;46
KS;21
KS;13
KS;25
KS;0
KS;0
KS;0
KS;0
KS;16
KS;23
KS;23
KS;0
KS;153
KS;0
KS;0
KS;48
KS;12
KS;0
KS;15
KS;157
KS;19
KS;968
KS;42
KS;458
KS;0
KS;0
KS;0
KS;0
KS;0
KS;0
KS;25
KS;12
KS;0
KS;0
KS;0
KS;0
KS;0
KS;10
KS;0
KS;458
KY;10
KY;22
KY;0
KY;0
KY;125
KY;0
KY;48
KY;90
KY;0
KY;219
KY;169
KY;13
KY;0
KY;11
KY;0
KY;19
KY;47
KY;218
KY;0
KY;0
KY;13
KY;14
KY;83
KY;34
KY;26
KY;10
KY;10
KY;0
KY;273
KY;0
KY;0
KY;618
KY;11
KY;66
KY;63
KY;0
KY;10
KY;16
KY;0
KY;90
KY;21
KY;0
KY;21
KY;0
KY;188
KY;34
KY;23
KY;17
KY;40
KY;0
KY;0
KY;165
KY;0
KY;1836
KY;29
KY;11
KY;157
KY;0
KY;27
KY;0
KY;78
KY;19
KY;16
KY;0
KY;25
KY;13
KY;15
KY;12
KY;21
KY;0
KY;278
KY;0
KY;0
KY;0
KY;0
KY;29
KY;18
KY;0
KY;47
KY;0
KY;0
KY;26
KY;0
KY;22
KY;22
KY;0
KY;24
KY;30
KY;0
KY;20
KY;37
KY;0
KY;0
KY;0
KY;109
KY;215
KY;0
KY;133
KY;0
KY;31
KY;29
KY;29
KY;25
KY;30
KY;17
KY;10
KY;27
KY;0
KY;0
KY;0
KY;0
KY;374
KY;19
KY;23
KY;0
KY;101
KY;0
KY;0
LA;94
LA;36
LA;66
LA;0
LA;40
LA;43
LA;14
LA;194
LA;1125
LA;390
LA;11
LA;0
LA;37
LA;20
LA;19
LA;1310
LA;0
LA;27
LA;56
LA;31
LA;18
LA;84
LA;12
LA;0
LA;1208
LA;77
LA;508
LA;187
LA;23
LA;87
LA;31
LA;0
LA;21
LA;71
LA;577
LA;631
LA;0
LA;28
LA;474
LA;16
LA;10
LA;20
LA;23
LA;40
LA;0
LA;22
LA;36
LA;196
LA;30
LA;87
LA;535
LA;248
LA;182
LA;32
LA;41
LA;45
LA;57
LA;52
LA;11
LA;21
LA;0
LA;31
MA;311
MA;222
MA;1140
MA;0
MA;1619
MA;54
MA;1170
MA;189
MA;2786
MA;0
MA;1056
MA;916
MA;2005
MA;1698
MD;254
MD;722
MD;1483
MD;72
MD;16
MD;270
MD;151
MD;152
MD;28
MD;310
MD;71
MD;248
MD;202
MD;40
MD;2068
MD;1235
MD;13
MD;136
MD;0
MD;70
MD;347
MD;290
MD;105
MD;1504
ME;86
ME;46
ME;275
ME;17
ME;29
ME;73
ME;0
ME;39
ME;134
ME;0
ME;0
ME;26
ME;17
ME;0
ME;123
MI;11
MI;0
MI;67
MI;74
MI;11
MI;16
MI;25
MI;22
MI;309
MI;14
MI;256
MI;53
MI;189
MI;33
MI;13
MI;28
MI;23
MI;48
MI;22
MI;42
MI;64
MI;65
MI;46
MI;85
MI;766
MI;21
MI;36
MI;161
MI;95
MI;50
MI;31
MI;32
MI;470
MI;30
MI;39
MI;47
MI;50
MI;298
MI;498
MI;0
MI;908
MI;0
MI;142
MI;0
MI;96
MI;92
MI;0
MI;0
MI;1402
MI;13
MI;90
MI;25
MI;26
MI;18
MI;102
MI;11
MI;111
MI;71
MI;0
MI;344
MI;31
MI;2670
MI;15
MI;27
MI;11
MI;0
MI;0
MI;15
MI;266
MI;15
MI;11
MI;672
MI;330
MI;42
MI;42
MI;0
MI;53
MI;41
MI;51
MI;556
MI;3772
MI;36
MN;29
MN;477
MN;35
MN;68
MN;58
MN;0
MN;68
MN;35
MN;37
MN;40
MN;0
MN;28
MN;39
MN;60
MN;0
MN;23
MN;82
MN;271
MN;0
MN;60
MN;14
MN;0
MN;26
MN;71
MN;0
MN;2067
MN;10
MN;34
MN;30
MN;37
MN;0
MN;16
MN;73
MN;21
MN;0
MN;18
MN;16
MN;12
MN;0
MN;45
MN;37
MN;0
MN;0
MN;22
MN;32
MN;38
MN;44
MN;28
MN;0
MN;34
MN;34
MN;0
MN;203
MN;51
MN;14
MN;18
MN;17
MN;53
MN;0
MN;1190
MN;0
MN;22
MN;36
MN;73
MN;12
MN;14
MN;408
MN;84
MN;58
MN;0
MN;353
MN;12
MN;0
MN;16
MN;25
MN;0
MN;17
MN;16
MN;211
MN;0
MN;0
MN;53
MN;86
MN;18
MO;27
MO;10
MO;10
MO;30
MO;26
MO;11
MO;23
MO;19
MO;10
MO;359
MO;230
MO;81
MO;0
MO;19
MO;118
MO;249
MO;20
MO;0
MO;46
MO;13
MO;16
MO;36
MO;11
MO;465
MO;65
MO;253
MO;14
MO;45
MO;18
MO;23
MO;0
MO;0
MO;15
MO;20
MO;16
MO;181
MO;49
MO;13
MO;966
MO;24
MO;10
MO;21
MO;16
MO;0
MO;0
MO;97
MO;0
MO;1084
MO;90
MO;198
MO;56
MO;46
MO;33
MO;57
MO;0
MO;24
MO;13
MO;39
MO;0
MO;18
MO;14
MO;0
MO;76
MO;0
MO;21
MO;0
MO;10
MO;13
MO;12
MO;19
MO;18
MO;388
MO;20
MO;0
MO;13
MO;18
MO;13
MO;78
MO;117
MO;0
MO;82
MO;79
MO;16
MO;0
MO;0
MO;38
MO;0
MO;0
MO;551
MO;11
MO;10
MO;70
MO;2543
MO;26
MO;13
MO;13
MO;86
MO;0
MO;0
MO;19
MO;0
MO;0
MO;62
MO;16
MO;33
MO;12
MO;11
MO;10
MO;27
MO;11
MO;664
MS;97
MS;116
MS;21
MS;31
MS;0
MS;62
MS;22
MS;0
MS;16
MS;0
MS;13
MS;26
MS;21
MS;57
MS;27
MS;18
MS;430
MS;428
MS;14
MS;33
MS;0
MS;63
MS;22
MS;369
MS;1124
MS;21
MS;0
MS;14
MS;276
MS;0
MS;0
MS;0
MS;148
MS;0
MS;268
MS;141
MS;491
MS;11
MS;39
MS;542
MS;155
MS;99
MS;258
MS;136
MS;25
MS;44
MS;97
MS;28
MS;54
MS;11
MS;11
MS;95
MS;53
MS;58
MS;0
MS;108
MS;24
MS;34
MS;0
MS;157
MS;15
MS;10
MS;67
MS;0
MS;0
MS;65
MS;12
MS;27
MS;34
MS;37
MS;0
MS;75
MS;0
MS;163
MS;159
MS;37
MS;26
MS;10
MS;51
MS;10
MS;35
MT;0
MT;10
MT;0
MT;0
MT;12
MT;0
MT;225
MT;0
MT;14
MT;
MT;25
MT;14
MT;
MT;24
MT;125
MT;60
MT;14
MT;
MT;43
MT;
MT;19
MT;85
MT;10
MT;
MT;
MT;
MT;129
MT;
MT;19
MT;10
MT;
MT;
MT;
MT;
MT;37
MT;10
MT;23
MT;
MT;
MT;
MT;80
MT;
MT;
MT;
MT;
MT;13
MT;
MT;
MT;488
NC;99
NC;
NC;
NC;
NC;33
NC;
NC;68
NC;14
NC;
NC;52
NC;402
NC;106
NC;238
NC;87
NC;23
NC;
NC;229
NC;58
NC;19
NC;30
NC;182
NC;35
NC;119
NC;226
NC;
NC;107
NC;
NC;43
NC;299
NC;81
NC;542
NC;16
NC;238
NC;
NC;
NC;31
NC;
NC;591
NC;48
NC;75
NC;73
NC;134
NC;67
NC;17
NC;
NC;128
NC;29
NC;82
NC;
NC;31
NC;81
NC;54
NC;27
NC;
NC;13
NC;10
NC;854
NC;21
NC;
NC;217
NC;131
NC;184
NC;
NC;57
NC;169
NC;
NC;71
NC;
NC;
NC;11
NC;233
NC;
NC;71
NC;39
NC;126
NC;64
NC;175
NC;96
NC;26
NC;87
NC;32
NC;21
NC;88
NC;
NC;115
NC;77
NC;663
NC;
NC;
NC;30
NC;173
NC;65
NC;116
NC;
NC;
ND;15
ND;26
ND;
ND;13
ND;
ND;286
ND;521
ND;
ND;28
ND;
ND;
ND;
ND;18
ND;129
ND;10
ND;
ND;
ND;
ND;13
ND;
ND;17
ND;
ND;
ND;24
ND;
ND;41
ND;16
ND;10
ND;25
ND;21
ND;17
ND;10
ND;
ND;
ND;43
ND;68
ND;
ND;14
ND;16
ND;216
ND;
ND;20
NE;65
NE;
NE;
NE;11
NE;
NE;
NE;135
NE;
NE;
NE;10
NE;21
NE;
NE;
NE;15
NE;10
NE;
NE;17
NE;
NE;21
NE;18
NE;33
NE;
NE;
NE;71
NE;994
NE;
NE;12
NE;
NE;
NE;22
NE;
NE;
NE;
NE;
NE;135
NE;22
NE;
NE;11
NE;13
NE;
NE;
NE;
NE;
NE;
NE;
NE;
NE;415
NE;90
NE;80
NE;
NE;11
NE;
NE;17
NE;13
NE;
NE;
NE;12
NE;16
NE;14
NE;41
NE;16
NE;15
NE;13
NE;
NE;
NE;72
NE;
NE;118
NE;17
NE;17
NE;
NE;
NE;
NE;
NE;
NE;14
NE;10
NE;
NE;
NH;98
NH;10
NH;42
NH;42
NH;40
NH;635
NH;120
NH;208
NH;76
NH;20
NJ;604
NJ;3059
NJ;745
NJ;1248
NJ;149
NJ;357
NJ;2899
NJ;545
NJ;1628
NJ;162
NJ;819
NJ;2336
NJ;1606
NJ;1512
NJ;1720
NJ;1524
NJ;103
NJ;618
NJ;231
NJ;1550
NJ;212
NM;1557
NM;146
NM;54
NM;31
NM;62
NM;445
NM;72
NM;23
NM;
NM;87
NM;17
NM;
NM;27
NM;199
NM;40
NM;
NM;38
NM;18
NM;384
NM;431
NM;
NM;171
NM;44
NM;21
NM;38
NM;
NM;
NM;29
NV;54
NV;4411
NV;34
NV;30
NV;
NV;
NV;
NV;11
NV;
NV;19
NV;
NV;
NV;778
NV;
NV;183
NY;658
NY;67
NY;5611
NY;451
NY;86
NY;92
NY;136
NY;172
NY;70
NY;43
NY;109
NY;67
NY;25
NY;554
NY;2208
NY;15
NY;13
NY;90
NY;131
NY;15
NY;60
NY;75
NY;8283
NY;18
NY;50
NY;88
NY;1499
NY;116
NY;4701
NY;5704
NY;287
NY;598
NY;971
NY;139
NY;844
NY;60
NY;82
NY;111
NY;97
NY;7297
NY;136
NY;1580
NY;963
NY;93
NY;140
NY;183
NY;
NY;
NY;37
NY;140
NY;4380
NY;77
NY;49
NY;64
NY;173
NY;104
NY;44
NY;64
NY;2873
NY;38
NY;29
OH;22
OH;381
OH;91
OH;157
OH;47
OH;74
OH;79
OH;25
OH;559
OH;11
OH;31
OH;272
OH;123
OH;44
OH;199
OH;29
OH;84
OH;2845
OH;91
OH;89
OH;93
OH;208
OH;186
OH;31
OH;2392
OH;44
OH;83
OH;194
OH;245
OH;30
OH;1738
OH;193
OH;27
OH;24
OH;38
OH;43
OH;29
OH;101
OH;95
OH;35
OH;135
OH;86
OH;320
OH;33
OH;187
OH;57
OH;485
OH;1220
OH;27
OH;746
OH;201
OH;171
OH;14
OH;70
OH;158
OH;13
OH;1554
OH;24
OH;26
OH;193
OH;33
OH;47
OH;24
OH;19
OH;86
OH;
OH;168
OH;32
OH;54
OH;218
OH;178
OH;90
OH;142
OH;83
OH;52
OH;1074
OH;1068
OH;369
OH;245
OH;37
OH;45
OH;
OH;261
OH;160
OH;208
OH;68
OH;140
OH;38
OK;17
OK;13
OK;
OK;61
OK;12
OK;106
OK;43
OK;110
OK;134
OK;106
OK;20
OK;439
OK;10
OK;219
OK;
OK;13
OK;64
OK;69
OK;88
OK;12
OK;
OK;202
OK;43
OK;78
OK;
OK;10
OK;
OK;
OK;
OK;18
OK;68
OK;
OK;15
OK;108
OK;27
OK;22
OK;
OK;28
OK;28
OK;39
OK;25
OK;29
OK;41
OK;15
OK;18
OK;
OK;28
OK;22
OK;221
OK;11
OK;
OK;11
OK;2452
OK;31
OK;23
OK;54
OK;13
OK;80
OK;125
OK;117
OK;157
OK;11
OK;
OK;81
OK;20
OK;32
OK;126
OK;20
OK;1999
OK;20
OK;161
OK;14
OK;18
OK;50
OR;
OR;33
OR;186
OR;
OR;
OR;26
OR;
OR;
OR;118
OR;53
OR;
OR;
OR;20
OR;124
OR;
OR;58
OR;57
OR;
OR;129
OR;14
OR;46
OR;20
OR;250
OR;
OR;718
OR;22
OR;
OR;56
OR;15
OR;
OR;28
OR;293
OR;58
PA;133
PA;2522
PA;85
PA;328
PA;63
PA;907
PA;400
PA;147
PA;1176
PA;409
PA;416
PA;
PA;114
PA;228
PA;892
PA;73
PA;145
PA;24
PA;66
PA;139
PA;614
PA;681
PA;1251
PA;29
PA;505
PA;257
PA;16
PA;363
PA;
PA;26
PA;88
PA;136
PA;83
PA;49
PA;519
PA;1070
PA;164
PA;233
PA;1314
PA;797
PA;329
PA;59
PA;228
PA;190
PA;279
PA;2162
PA;387
PA;548
PA;210
PA;39
PA;3250
PA;17
PA;12
PA;302
PA;19
PA;189
PA;17
PA;44
PA;85
PA;129
PA;84
PA;85
PA;271
PA;75
PA;566
PA;28
PA;752
RI;79
RI;325
RI;32
RI;2042
RI;139
SC;14
SC;197
SC;
SC;476
SC;10
SC;16
SC;161
SC;114
SC;16
SC;711
SC;37
SC;32
SC;52
SC;47
SC;105
SC;146
SC;40
SC;111
SC;
SC;35
SC;705
SC;191
SC;984
SC;220
SC;30
SC;557
SC;51
SC;77
SC;115
SC;104
SC;12
SC;407
SC;
SC;58
SC;
SC;72
SC;118
SC;227
SC;170
SC;695
SC;14
SC;894
SC;176
SC;17
SC;29
SC;262
SD;
SD;33
SD;
SD;15
SD;33
SD;111
SD;
SD;
SD;16
SD;
SD;
SD;
SD;65
SD;
SD;65
SD;24
SD;
SD;11
SD;
SD;
SD;
SD;35
SD;24
SD;
SD;39
SD;
SD;40
SD;21
SD;
SD;15
SD;
SD;15
SD;35
SD;46
SD;
SD;24
SD;
SD;
SD;36
SD;
SD;
SD;775
SD;11
SD;213
SD;
SD;
SD;23
SD;
SD;22
SD;
SD;
SD;
SD;41
SD;11
SD;11
SD;65
SD;
TN;177
TN;53
TN;10
TN;
TN;166
TN;128
TN;32
TN;16
TN;60
TN;102
TN;10
TN;14
TN;49
TN;23
TN;78
TN;76
TN;29
TN;116
TN;1929
TN;
TN;23
TN;140
TN;92
TN;28
TN;20
TN;72
TN;57
TN;55
TN;16
TN;84
TN;
TN;152
TN;835
TN;
TN;22
TN;28
TN;25
TN;12
TN;39
TN;48
TN;
TN;12
TN;
TN;
TN;100
TN;17
TN;1034
TN;
TN;
TN;41
TN;10
TN;35
TN;31
TN;57
TN;19
TN;16
TN;686
TN;18
TN;20
TN;269
TN;
TN;53
TN;184
TN;
TN;
TN;69
TN;42
TN;15
TN;
TN;
TN;249
TN;39
TN;77
TN;69
TN;611
TN;12
TN;
TN;135
TN;1837
TN;10
TN;11
TN;531
TN;321
TN;39
TN;
TN;17
TN;
TN;10
TN;55
TN;414
TN;10
TN;25
TN;21
TN;214
TN;143
TX;116
TX;25
TX;294
TX;
TX;
TX;
TX;94
TX;10
TX;
TX;
TX;14
TX;
TX;32
TX;580
TX;4726
TX;
TX;11
TX;419
TX;383
TX;448
TX;
TX;
TX;
TX;120
TX;12
TX;79
TX;37
TX;14
TX;13
TX;1706
TX;14
TX;
TX;30
TX;13
TX;15
TX;97
TX;11
TX;
TX;
TX;
TX;19
TX;1399
TX;
TX;16
TX;325
TX;30
TX;
TX;47
TX;35
TX;
TX;14
TX;
TX;
TX;
TX;
TX;3996
TX;30
TX;28
TX;
TX;856
TX;44
TX;
TX;
TX;
TX;18
TX;499
TX;
TX;232
TX;2958
TX;40
TX;10
TX;44
TX;21
TX;
TX;22
TX;
TX;614
TX;
TX;23
TX;21
TX;10
TX;582
TX;
TX;53
TX;
TX;28
TX;48
TX;499
TX;554
TX;13
TX;152
TX;98
TX;
TX;20
TX;
TX;
TX;20
TX;6870
TX;39
TX;10
TX;12
TX;183
TX;
TX;97
TX;2737
TX;49
TX;44
TX;111
TX;123
TX;20
TX;62
TX;
TX;149
TX;33
TX;
TX;
TX;29
TX;677
TX;
TX;53
TX;130
TX;11
TX;21
TX;83
TX;35
TX;80
TX;
TX;
TX;64
TX;15
TX;196
TX;36
TX;10
TX;
TX;46
TX;11
TX;
TX;48
TX;36
TX;
TX;
TX;33
TX;1468
TX;
TX;
TX;646
TX;
TX;
TX;
TX;
TX;64
TX;176
TX;19
TX;
TX;347
TX;16
TX;10
TX;
TX;31
TX;1051
TX;43
TX;
TX;
TX;234
TX;120
TX;17
TX;48
TX;1018
TX;15
TX;17
TX;57
TX;28
TX;107
TX;23
TX;
TX;56
TX;949
TX;
TX;
TX;74
TX;
TX;
TX;
TX;18
TX;
TX;11
TX;262
TX;27
TX;41
TX;19
TX;17
TX;
TX;26
TX;
TX;
TX;40
TX;
TX;13
TX;
TX;1087
TX;22
TX;87
TX;
TX;
TX;
TX;
TX;
TX;4040
TX;644
TX;21
TX;
TX;75
TX;377
TX;1254
TX;
TX;17
TX;17
TX;
TX;47
TX;110
TX;39
TX;376
TX;80
TX;13
TX;
TX;57
TX;862
TX;48
TX;
TX;477
TX;47
TX;
TX;644
TX;43
TX;
TX;153
TX;32
TX;10
TX;30
TX;
TX;
UT;
UT;13
UT;34
UT;13
UT;144
UT;
UT;
UT;
UT;
UT;17
UT;
UT;
UT;
UT;
UT;1095
UT;12
UT;10
UT;11
UT;
UT;26
UT;15
UT;409
UT;
UT;277
UT;255
VA;34
VA;104
VA;42
VA;19
VA;17
VA;11
VA;335
VA;143
VA;
VA;23
VA;
VA;
VA;
VA;16
VA;11
VA;18
VA;19
VA;33
VA;
VA;
VA;339
VA;
VA;59
VA;
VA;
VA;
VA;13
VA;982
VA;57
VA;14
VA;11
VA;41
VA;34
VA;11
VA;65
VA;
VA;16
VA;10
VA;
VA;91
VA;263
VA;632
VA;26
VA;
VA;16
VA;39
VA;
VA;
VA;
VA;12
VA;17
VA;274
VA;
VA;
VA;
VA;
VA;59
VA;15
VA;112
VA;
VA;15
VA;
VA;15
VA;
VA;44
VA;20
VA;21
VA;
VA;26
VA;
VA;308
VA;51
VA;
VA;47
VA;18
VA;185
VA;
VA;16
VA;84
VA;41
VA;17
VA;46
VA;21
VA;
VA;
VA;51
VA;30
VA;121
VA;
VA;65
VA;56
VA;72
VA;192
VA;25
VA;11
VA;157
VA;245
VA;30
VA;
VA;152
VA;29
VA;24
VA;
VA;45
VA;134
VA;65
VA;164
VA;42
VA;91
VA;32
VA;367
VA;177
VA;
VA;143
VA;289
VA;378
VA;
VA;183
VA;
VA;181
VA;11
VA;413
VA;407
VA;153
VA;17
VA;237
VA;306
VA;11
VA;
VA;219
VT;
VT;13
VT;
VT;119
VT;31
VT;
VT;
VT;
VT;
VT;18
VT;15
VT;
VT;
WA;
WA;22
WA;286
WA;119
WA;
WA;245
WA;
WA;37
WA;
WA;
WA;84
WA;
WA;61
WA;38
WA;28
WA;
WA;1474
WA;69
WA;27
WA;
WA;36
WA;
WA;21
WA;26
WA;
WA;
WA;624
WA;65
WA;
WA;464
WA;637
WA;13
WA;106
WA;62
WA;107
WA;36
WA;381
WI;
WI;20
WI;62
WI;
WI;456
WI;
WI;14
WI;29
WI;67
WI;33
WI;47
WI;10
WI;531
WI;169
WI;23
WI;62
WI;21
WI;202
WI;
WI;147
WI;
WI;54
WI;29
WI;17
WI;12
WI;33
WI;16
WI;77
WI;14
WI;367
WI;20
WI;211
WI;
WI;31
WI;70
WI;74
WI;309
WI;70
WI;16
WI;1389
WI;33
WI;26
WI;74
WI;340
WI;196
WI;
WI;29
WI;48
WI;55
WI;
WI;309
WI;15
WI;201
WI;18
WI;52
WI;51
WI;20
WI;57
WI;183
WI;39
WI;34
WI;39
WI;16
WI;122
WI;12
WI;133
WI;619
WI;121
WI;11
WI;241
WI;178
WV;
WV;124
WV;13
WV;
WV;107
WV;279
WV;
WV;25
WV;
WV;15
WV;62
WV;18
WV;27
WV;10
WV;104
WV;22
WV;31
WV;441
WV;14
WV;59
WV;
WV;12
WV;61
WV;14
WV;104
WV;44
WV;
WV;332
WV;
WV;
WV;
WV;216
WV;
WV;
WV;
WV;27
WV;64
WV;110
WV;26
WV;
WV;
WV;
WV;11
WV;
WV;
WV;17
WV;23
WV;12
WV;177
WV;14
WY;12
WY;21
WY;44
WY;10
WY;16
WY;
WY;48
WY;19
WY;
WY;
WY;119
WY;
WY;181
WY;24
WY;
WY;32
WY;
WY;33
WY;
WY;
WY;20
WY;
